file_id,change_type,section_id,xml_path,old_content,new_content,approved
chapter1_intro,MODIFY,chapter1_intro,/,"Introduction to Advanced Analytics  Data Science Team  1.0  1-15  In today's data-driven world, organizations rely heavily on advanced analytics to make informed decisions. This comprehensive guide will explore the fundamental concepts and practical applications of modern data science techniques.  The field of analytics has evolved significantly over the past decade, with new methodologies and tools emerging to handle increasingly complex datasets. Our approach focuses on practical implementation rather than theoretical concepts alone.   This document serves as a complete reference for data practitioners, covering everything from basic statistical concepts to advanced machine learning algorithms. Each chapter builds upon previous knowledge while remaining accessible to newcomers in the field.  Arial  12  1.5","Introduction to Advanced Analytics  Data Science Team  1.1  1-15  In today's rapidly evolving data-driven world, organizations rely heavily on advanced analytics to make informed strategic decisions. This comprehensive guide will explore the fundamental concepts and practical applications of modern data science techniques.  The field of analytics has evolved significantly over the past decade, with new methodologies and tools emerging to handle increasingly complex and large-scale datasets. Our approach focuses on practical implementation rather than theoretical concepts alone.   This document serves as a complete reference for data practitioners, covering everything from basic statistical concepts to advanced machine learning algorithms. Each chapter builds upon previous knowledge while remaining accessible to newcomers in the field.  Arial  12  1.5","approved"
chapter1_intro,MODIFY,chapter1_intro,/,"Introduction to Advanced Analytics  Data Science Team  1.0  1-15  In today's data-driven world, organizations rely heavily on advanced analytics to make informed decisions. This comprehensive guide will explore the fundamental concepts and practical applications of modern data science techniques.  The field of analytics has evolved significantly over the past decade, with new methodologies and tools emerging to handle increasingly complex datasets. Our approach focuses on practical implementation rather than theoretical concepts alone.   This document serves as a complete reference for data practitioners, covering everything from basic statistical concepts to advanced machine learning algorithms. Each chapter builds upon previous knowledge while remaining accessible to newcomers in the field.  Arial  12  1.5","Introduction to Advanced Analytics  Data Science Team  1.1  1-15  In today's rapidly evolving data-driven world, organizations rely heavily on advanced analytics to make informed strategic decisions. This comprehensive guide will explore the fundamental concepts and practical applications of modern data science techniques.  The field of analytics has evolved significantly over the past decade, with new methodologies and tools emerging to handle increasingly complex and large-scale datasets. Our approach focuses on practical implementation rather than theoretical concepts alone.   This document serves as a complete reference for data practitioners, covering everything from basic statistical concepts to advanced machine learning algorithms. Each chapter builds upon previous knowledge while remaining accessible to newcomers in the field.  Arial  12  1.5","rejected"
chapter1_intro,MODIFY,chapter1_intro,/content,"In today's data-driven world, organizations rely heavily on advanced analytics to make informed decisions. This comprehensive guide will explore the fundamental concepts and practical applications of modern data science techniques.  The field of analytics has evolved significantly over the past decade, with new methodologies and tools emerging to handle increasingly complex datasets. Our approach focuses on practical implementation rather than theoretical concepts alone.   This document serves as a complete reference for data practitioners, covering everything from basic statistical concepts to advanced machine learning algorithms. Each chapter builds upon previous knowledge while remaining accessible to newcomers in the field.","In today's rapidly evolving data-driven world, organizations rely heavily on advanced analytics to make informed strategic decisions. This comprehensive guide will explore the fundamental concepts and practical applications of modern data science techniques.  The field of analytics has evolved significantly over the past decade, with new methodologies and tools emerging to handle increasingly complex and large-scale datasets. Our approach focuses on practical implementation rather than theoretical concepts alone.   This document serves as a complete reference for data practitioners, covering everything from basic statistical concepts to advanced machine learning algorithms. Each chapter builds upon previous knowledge while remaining accessible to newcomers in the field.","approved,rejected,pending"
chapter1_intro,MODIFY,chapter1_intro,/paragraph[@id='p2'],"The field of analytics has evolved significantly over the past decade, with new methodologies and tools emerging to handle increasingly complex datasets. Our approach focuses on practical implementation rather than theoretical concepts alone.","The field of analytics has evolved significantly over the past decade, with new methodologies and tools emerging to handle increasingly complex and large-scale datasets. Our approach focuses on practical implementation rather than theoretical concepts alone.","approved,rejected,pending"
chapter1_intro,MODIFY,chapter1_intro,/metadata,Introduction to Advanced Analytics  Data Science Team  1.0  1-15,Introduction to Advanced Analytics  Data Science Team  1.1  1-15,"approved,rejected,pending"
chapter1_intro,MODIFY,chapter1_intro,/version,1.0,1.1,"approved,rejected,pending"
chapter1_intro,MODIFY,chapter1_intro,/paragraph[@id='p1'],"In today's data-driven world, organizations rely heavily on advanced analytics to make informed decisions. This comprehensive guide will explore the fundamental concepts and practical applications of modern data science techniques.","In today's rapidly evolving data-driven world, organizations rely heavily on advanced analytics to make informed strategic decisions. This comprehensive guide will explore the fundamental concepts and practical applications of modern data science techniques.","approved,rejected,pending"
glossary,MODIFY,glossary,/,"Glossary of Terms  Editorial Team  1.0  126-140  This glossary defines key terms and concepts used throughout the document to ensure consistent understanding and terminology.  Algorithm  A step-by-step procedure for solving a problem or completing a task  Anomaly Detection  The identification of rare items, events, or observations that differ significantly from the norm  Big Data  Datasets that are too large or complex to be processed using traditional data processing techniques  Correlation  A statistical measure that indicates the extent to which two or more variables fluctuate together  Data Mining  The practice of examining large databases to generate new information and discover patterns  Feature Engineering  The process of selecting and transforming variables for use in machine learning models  Arial  12  1.5","Glossary of Terms  Editorial Team  1.1  126-140  This glossary defines key terms and concepts used throughout the document to ensure consistent understanding and terminology.  Algorithm  A step-by-step procedure for solving a problem or completing a computational task  Anomaly Detection  The identification of rare items, events, or observations that differ significantly from the expected pattern or norm  Artificial Intelligence  Computer systems that can perform tasks typically requiring human intelligence  Big Data  Datasets that are too large or complex to be processed using traditional data processing techniques  Correlation  A statistical measure that indicates the extent to which two or more variables fluctuate together  Data Mining  The practice of examining large databases to generate new information and discover hidden patterns  Feature Engineering  The process of selecting, modifying, and transforming variables for use in machine learning models  Arial  12  1.5","approved,rejected,pending"
glossary,MODIFY,glossary,/,"Glossary of Terms  Editorial Team  1.0  126-140  This glossary defines key terms and concepts used throughout the document to ensure consistent understanding and terminology.  Algorithm  A step-by-step procedure for solving a problem or completing a task  Anomaly Detection  The identification of rare items, events, or observations that differ significantly from the norm  Big Data  Datasets that are too large or complex to be processed using traditional data processing techniques  Correlation  A statistical measure that indicates the extent to which two or more variables fluctuate together  Data Mining  The practice of examining large databases to generate new information and discover patterns  Feature Engineering  The process of selecting and transforming variables for use in machine learning models  Arial  12  1.5","Glossary of Terms  Editorial Team  1.1  126-140  This glossary defines key terms and concepts used throughout the document to ensure consistent understanding and terminology.  Algorithm  A step-by-step procedure for solving a problem or completing a computational task  Anomaly Detection  The identification of rare items, events, or observations that differ significantly from the expected pattern or norm  Artificial Intelligence  Computer systems that can perform tasks typically requiring human intelligence  Big Data  Datasets that are too large or complex to be processed using traditional data processing techniques  Correlation  A statistical measure that indicates the extent to which two or more variables fluctuate together  Data Mining  The practice of examining large databases to generate new information and discover hidden patterns  Feature Engineering  The process of selecting, modifying, and transforming variables for use in machine learning models  Arial  12  1.5","approved,rejected,pending"
glossary,MODIFY,glossary,/content,"This glossary defines key terms and concepts used throughout the document to ensure consistent understanding and terminology.  Algorithm  A step-by-step procedure for solving a problem or completing a task  Anomaly Detection  The identification of rare items, events, or observations that differ significantly from the norm  Big Data  Datasets that are too large or complex to be processed using traditional data processing techniques  Correlation  A statistical measure that indicates the extent to which two or more variables fluctuate together  Data Mining  The practice of examining large databases to generate new information and discover patterns  Feature Engineering  The process of selecting and transforming variables for use in machine learning models","This glossary defines key terms and concepts used throughout the document to ensure consistent understanding and terminology.  Algorithm  A step-by-step procedure for solving a problem or completing a computational task  Anomaly Detection  The identification of rare items, events, or observations that differ significantly from the expected pattern or norm  Artificial Intelligence  Computer systems that can perform tasks typically requiring human intelligence  Big Data  Datasets that are too large or complex to be processed using traditional data processing techniques  Correlation  A statistical measure that indicates the extent to which two or more variables fluctuate together  Data Mining  The practice of examining large databases to generate new information and discover hidden patterns  Feature Engineering  The process of selecting, modifying, and transforming variables for use in machine learning models","approved,rejected,pending"
glossary,MODIFY,glossary,/term_definitions,"Algorithm  A step-by-step procedure for solving a problem or completing a task  Anomaly Detection  The identification of rare items, events, or observations that differ significantly from the norm  Big Data  Datasets that are too large or complex to be processed using traditional data processing techniques  Correlation  A statistical measure that indicates the extent to which two or more variables fluctuate together  Data Mining  The practice of examining large databases to generate new information and discover patterns  Feature Engineering  The process of selecting and transforming variables for use in machine learning models","Algorithm  A step-by-step procedure for solving a problem or completing a computational task  Anomaly Detection  The identification of rare items, events, or observations that differ significantly from the expected pattern or norm  Artificial Intelligence  Computer systems that can perform tasks typically requiring human intelligence  Big Data  Datasets that are too large or complex to be processed using traditional data processing techniques  Correlation  A statistical measure that indicates the extent to which two or more variables fluctuate together  Data Mining  The practice of examining large databases to generate new information and discover hidden patterns  Feature Engineering  The process of selecting, modifying, and transforming variables for use in machine learning models","approved,rejected,pending"
glossary,MODIFY,glossary,/metadata,Glossary of Terms  Editorial Team  1.0  126-140,Glossary of Terms  Editorial Team  1.1  126-140,"approved,rejected,pending"
glossary,MODIFY,glossary,/term,Feature Engineering  The process of selecting and transforming variables for use in machine learning models,"Feature Engineering  The process of selecting, modifying, and transforming variables for use in machine learning models","approved,rejected,pending"
glossary,MODIFY,glossary,/version,1.0,1.1,"approved,rejected,pending"
glossary,MODIFY,glossary,/definition,The process of selecting and transforming variables for use in machine learning models,"The process of selecting, modifying, and transforming variables for use in machine learning models","approved,rejected,pending"
chapter2_methods,MODIFY,chapter2_methods,/,"Research Methods and Data Collection  Research Team  1.0  16-35  Effective data collection forms the foundation of any successful analytics project. This chapter outlines proven methodologies for gathering, cleaning, and preparing data for analysis.  Structured data collection techniques  Unstructured data processing methods  Data quality assessment frameworks  Validation and verification protocols  The quality of insights derived from data analysis is directly proportional to the quality of the underlying data. Poor data collection practices can lead to misleading conclusions and suboptimal business decisions.  Always validate your data sources before proceeding with analysis. Garbage in, garbage out remains a fundamental principle in data science.  Arial  12  1.5","Research Methods and Data Collection  Research Team  1.1  16-35  Effective data collection forms the foundation of any successful analytics project. This chapter outlines proven methodologies for gathering, cleaning, and preparing high-quality data for analysis.  Structured data collection techniques  Unstructured data processing methods  Data quality assessment frameworks  Validation and verification protocols  Automated data pipeline development  The quality of insights derived from data analysis is directly proportional to the quality of the underlying data. Poor data collection practices can lead to misleading conclusions and suboptimal business decisions.  Always validate your data sources before proceeding with analysis. Garbage in, garbage out remains a fundamental principle in data science.  Arial  12  1.5","approved,rejected,pending"
chapter2_methods,MODIFY,chapter2_methods,/item,Validation and verification protocols,Automated data pipeline development,"approved,rejected,pending"
chapter2_methods,MODIFY,chapter2_methods,/,"Research Methods and Data Collection  Research Team  1.0  16-35  Effective data collection forms the foundation of any successful analytics project. This chapter outlines proven methodologies for gathering, cleaning, and preparing data for analysis.  Structured data collection techniques  Unstructured data processing methods  Data quality assessment frameworks  Validation and verification protocols  The quality of insights derived from data analysis is directly proportional to the quality of the underlying data. Poor data collection practices can lead to misleading conclusions and suboptimal business decisions.  Always validate your data sources before proceeding with analysis. Garbage in, garbage out remains a fundamental principle in data science.  Arial  12  1.5","Research Methods and Data Collection  Research Team  1.1  16-35  Effective data collection forms the foundation of any successful analytics project. This chapter outlines proven methodologies for gathering, cleaning, and preparing high-quality data for analysis.  Structured data collection techniques  Unstructured data processing methods  Data quality assessment frameworks  Validation and verification protocols  Automated data pipeline development  The quality of insights derived from data analysis is directly proportional to the quality of the underlying data. Poor data collection practices can lead to misleading conclusions and suboptimal business decisions.  Always validate your data sources before proceeding with analysis. Garbage in, garbage out remains a fundamental principle in data science.  Arial  12  1.5","approved,rejected,pending"
chapter2_methods,MODIFY,chapter2_methods,/content,"Effective data collection forms the foundation of any successful analytics project. This chapter outlines proven methodologies for gathering, cleaning, and preparing data for analysis.  Structured data collection techniques  Unstructured data processing methods  Data quality assessment frameworks  Validation and verification protocols  The quality of insights derived from data analysis is directly proportional to the quality of the underlying data. Poor data collection practices can lead to misleading conclusions and suboptimal business decisions.  Always validate your data sources before proceeding with analysis. Garbage in, garbage out remains a fundamental principle in data science.","Effective data collection forms the foundation of any successful analytics project. This chapter outlines proven methodologies for gathering, cleaning, and preparing high-quality data for analysis.  Structured data collection techniques  Unstructured data processing methods  Data quality assessment frameworks  Validation and verification protocols  Automated data pipeline development  The quality of insights derived from data analysis is directly proportional to the quality of the underlying data. Poor data collection practices can lead to misleading conclusions and suboptimal business decisions.  Always validate your data sources before proceeding with analysis. Garbage in, garbage out remains a fundamental principle in data science.","approved,rejected,pending"
chapter2_methods,DELETE,chapter2_methods,/callout[@type='warning'],"<callout type=""warning"">
      <text>Always validate your data sources before proceeding with analysis. Garbage in, garbage out remains a fundamental principle in data science.</text>
    </callout>",,"approved,rejected,pending"
chapter2_methods,MODIFY,chapter2_methods,/bullet_list,Structured data collection techniques  Unstructured data processing methods  Data quality assessment frameworks  Validation and verification protocols,Structured data collection techniques  Unstructured data processing methods  Data quality assessment frameworks  Validation and verification protocols  Automated data pipeline development,"approved,rejected,pending"
chapter2_methods,MODIFY,chapter2_methods,/metadata,Research Methods and Data Collection  Research Team  1.0  16-35,Research Methods and Data Collection  Research Team  1.1  16-35,"approved,rejected,pending"
chapter2_methods,MODIFY,chapter2_methods,/version,1.0,1.1,"approved,rejected,pending"
chapter2_methods,MODIFY,chapter2_methods,/paragraph[@id='p1'],"Effective data collection forms the foundation of any successful analytics project. This chapter outlines proven methodologies for gathering, cleaning, and preparing data for analysis.","Effective data collection forms the foundation of any successful analytics project. This chapter outlines proven methodologies for gathering, cleaning, and preparing high-quality data for analysis.","approved,rejected,pending"
chapter2_methods,ADD,chapter2_methods,/callout[@type='critical'],,"<callout type=""critical"">
      <text>Always validate your data sources before proceeding with analysis. Garbage in, garbage out remains a fundamental principle in data science.</text>
    </callout>","approved,rejected,pending"
index,MODIFY,index,/,"Index  Editorial Team  1.0  151-160  This index provides alphabetical access to key topics, concepts, and terms discussed throughout the document.  Algorithm  23, 45, 67, 89  Analytics  1-15, 36-58, 79-105  Big Data  12, 28, 41, 55  Clustering  82, 87, 93  Data Mining  19, 33, 47, 61  Data Visualization  59-78  Machine Learning  79-105  Python  106, 108, 112  Regression  43, 84, 91  Statistics  36-58  Arial  12  1.5","Index  Editorial Team  1.1  151-160  This index provides alphabetical access to key topics, concepts, and terms discussed throughout the document.  Algorithm  23, 45, 67, 89, 102  Analytics  1-15, 36-58, 79-105  Artificial Intelligence  5, 18, 79, 95  Big Data  12, 28, 41, 55, 73  Clustering  82, 87, 93, 98  Data Mining  19, 33, 47, 61  Data Visualization  59-78  Machine Learning  79-105  Python  106, 108, 112, 114  Regression  43, 84, 91  Statistics  36-58  Arial  12  1.5","approved,rejected,pending"
index,MODIFY,index,/,"Index  Editorial Team  1.0  151-160  This index provides alphabetical access to key topics, concepts, and terms discussed throughout the document.  Algorithm  23, 45, 67, 89  Analytics  1-15, 36-58, 79-105  Big Data  12, 28, 41, 55  Clustering  82, 87, 93  Data Mining  19, 33, 47, 61  Data Visualization  59-78  Machine Learning  79-105  Python  106, 108, 112  Regression  43, 84, 91  Statistics  36-58  Arial  12  1.5","Index  Editorial Team  1.1  151-160  This index provides alphabetical access to key topics, concepts, and terms discussed throughout the document.  Algorithm  23, 45, 67, 89, 102  Analytics  1-15, 36-58, 79-105  Artificial Intelligence  5, 18, 79, 95  Big Data  12, 28, 41, 55, 73  Clustering  82, 87, 93, 98  Data Mining  19, 33, 47, 61  Data Visualization  59-78  Machine Learning  79-105  Python  106, 108, 112, 114  Regression  43, 84, 91  Statistics  36-58  Arial  12  1.5","approved,rejected,pending"
index,MODIFY,index,/content,"This index provides alphabetical access to key topics, concepts, and terms discussed throughout the document.  Algorithm  23, 45, 67, 89  Analytics  1-15, 36-58, 79-105  Big Data  12, 28, 41, 55  Clustering  82, 87, 93  Data Mining  19, 33, 47, 61  Data Visualization  59-78  Machine Learning  79-105  Python  106, 108, 112  Regression  43, 84, 91  Statistics  36-58","This index provides alphabetical access to key topics, concepts, and terms discussed throughout the document.  Algorithm  23, 45, 67, 89, 102  Analytics  1-15, 36-58, 79-105  Artificial Intelligence  5, 18, 79, 95  Big Data  12, 28, 41, 55, 73  Clustering  82, 87, 93, 98  Data Mining  19, 33, 47, 61  Data Visualization  59-78  Machine Learning  79-105  Python  106, 108, 112, 114  Regression  43, 84, 91  Statistics  36-58","approved,rejected,pending"
index,MODIFY,index,/metadata,Index  Editorial Team  1.0  151-160,Index  Editorial Team  1.1  151-160,"approved,rejected,pending"
index,MODIFY,index,/index_entries,"Algorithm  23, 45, 67, 89  Analytics  1-15, 36-58, 79-105  Big Data  12, 28, 41, 55  Clustering  82, 87, 93  Data Mining  19, 33, 47, 61  Data Visualization  59-78  Machine Learning  79-105  Python  106, 108, 112  Regression  43, 84, 91  Statistics  36-58","Algorithm  23, 45, 67, 89, 102  Analytics  1-15, 36-58, 79-105  Artificial Intelligence  5, 18, 79, 95  Big Data  12, 28, 41, 55, 73  Clustering  82, 87, 93, 98  Data Mining  19, 33, 47, 61  Data Visualization  59-78  Machine Learning  79-105  Python  106, 108, 112, 114  Regression  43, 84, 91  Statistics  36-58","approved,rejected,pending"
index,MODIFY,index,/version,1.0,1.1,"approved,rejected,pending"
chapter5_ml,MODIFY,chapter5_ml,/,"Machine Learning Applications  ML Engineering Team  1.0  79-105  Machine learning algorithms enable computers to learn and make decisions from data without explicit programming. This chapter explores supervised, unsupervised, and reinforcement learning techniques.  Learning with labeled training data  Linear regression, decision trees, neural networks  Classification, prediction, forecasting  Finding patterns in unlabeled data  Clustering, dimensionality reduction, association rules  Customer segmentation, anomaly detection  Learning through trial and error  Q-learning, policy gradients, actor-critic  Game playing, robotics, resource allocation  The success of machine learning projects depends heavily on feature engineering, model selection, and proper evaluation metrics. Cross-validation and holdout sets are essential for avoiding overfitting.  Arial  12  1.5","Machine Learning Applications  ML Engineering Team  1.1  79-105  Machine learning algorithms enable computers to learn and make intelligent decisions from data without explicit programming. This chapter explores supervised, unsupervised, and reinforcement learning techniques.  Learning with labeled training data  Linear regression, decision trees, neural networks, ensemble methods  Classification, prediction, forecasting, recommendation systems  Finding patterns in unlabeled data  Clustering, dimensionality reduction, association rules  Customer segmentation, anomaly detection, market basket analysis  Learning through trial and error with reward feedback  Q-learning, policy gradients, actor-critic  Game playing, robotics, resource allocation, autonomous systems  The success of machine learning projects depends heavily on feature engineering, model selection, hyperparameter tuning, and proper evaluation metrics. Cross-validation and holdout sets are essential for avoiding overfitting.  Arial  12  1.5","approved,rejected,pending"
chapter5_ml,MODIFY,chapter5_ml,/content,"Machine learning algorithms enable computers to learn and make decisions from data without explicit programming. This chapter explores supervised, unsupervised, and reinforcement learning techniques.  Learning with labeled training data  Linear regression, decision trees, neural networks  Classification, prediction, forecasting  Finding patterns in unlabeled data  Clustering, dimensionality reduction, association rules  Customer segmentation, anomaly detection  Learning through trial and error  Q-learning, policy gradients, actor-critic  Game playing, robotics, resource allocation  The success of machine learning projects depends heavily on feature engineering, model selection, and proper evaluation metrics. Cross-validation and holdout sets are essential for avoiding overfitting.","Machine learning algorithms enable computers to learn and make intelligent decisions from data without explicit programming. This chapter explores supervised, unsupervised, and reinforcement learning techniques.  Learning with labeled training data  Linear regression, decision trees, neural networks, ensemble methods  Classification, prediction, forecasting, recommendation systems  Finding patterns in unlabeled data  Clustering, dimensionality reduction, association rules  Customer segmentation, anomaly detection, market basket analysis  Learning through trial and error with reward feedback  Q-learning, policy gradients, actor-critic  Game playing, robotics, resource allocation, autonomous systems  The success of machine learning projects depends heavily on feature engineering, model selection, hyperparameter tuning, and proper evaluation metrics. Cross-validation and holdout sets are essential for avoiding overfitting.","approved,rejected,pending"
chapter5_ml,MODIFY,chapter5_ml,/metadata,Machine Learning Applications  ML Engineering Team  1.0  79-105,Machine Learning Applications  ML Engineering Team  1.1  79-105,"approved,rejected,pending"
chapter5_ml,MODIFY,chapter5_ml,/version,1.0,1.1,"approved,rejected,pending"
chapter5_ml,MODIFY,chapter5_ml,/paragraph[@id='p1'],"Machine learning algorithms enable computers to learn and make decisions from data without explicit programming. This chapter explores supervised, unsupervised, and reinforcement learning techniques.","Machine learning algorithms enable computers to learn and make intelligent decisions from data without explicit programming. This chapter explores supervised, unsupervised, and reinforcement learning techniques.","approved,rejected,pending"
chapter5_ml,MODIFY,chapter5_ml,/,"Machine Learning Applications  ML Engineering Team  1.0  79-105  Machine learning algorithms enable computers to learn and make decisions from data without explicit programming. This chapter explores supervised, unsupervised, and reinforcement learning techniques.  Learning with labeled training data  Linear regression, decision trees, neural networks  Classification, prediction, forecasting  Finding patterns in unlabeled data  Clustering, dimensionality reduction, association rules  Customer segmentation, anomaly detection  Learning through trial and error  Q-learning, policy gradients, actor-critic  Game playing, robotics, resource allocation  The success of machine learning projects depends heavily on feature engineering, model selection, and proper evaluation metrics. Cross-validation and holdout sets are essential for avoiding overfitting.  Arial  12  1.5","Machine Learning Applications  ML Engineering Team  1.1  79-105  Machine learning algorithms enable computers to learn and make intelligent decisions from data without explicit programming. This chapter explores supervised, unsupervised, and reinforcement learning techniques.  Learning with labeled training data  Linear regression, decision trees, neural networks, ensemble methods  Classification, prediction, forecasting, recommendation systems  Finding patterns in unlabeled data  Clustering, dimensionality reduction, association rules  Customer segmentation, anomaly detection, market basket analysis  Learning through trial and error with reward feedback  Q-learning, policy gradients, actor-critic  Game playing, robotics, resource allocation, autonomous systems  The success of machine learning projects depends heavily on feature engineering, model selection, hyperparameter tuning, and proper evaluation metrics. Cross-validation and holdout sets are essential for avoiding overfitting.  Arial  12  1.5","approved,rejected,pending"
chapter5_ml,MODIFY,chapter5_ml,/supervised,"Learning with labeled training data  Linear regression, decision trees, neural networks  Classification, prediction, forecasting","Learning with labeled training data  Linear regression, decision trees, neural networks, ensemble methods  Classification, prediction, forecasting, recommendation systems","approved,rejected,pending"
chapter5_ml,MODIFY,chapter5_ml,/paragraph[@id='p2'],"The success of machine learning projects depends heavily on feature engineering, model selection, and proper evaluation metrics. Cross-validation and holdout sets are essential for avoiding overfitting.","The success of machine learning projects depends heavily on feature engineering, model selection, hyperparameter tuning, and proper evaluation metrics. Cross-validation and holdout sets are essential for avoiding overfitting.","approved,rejected,pending"
chapter5_ml,MODIFY,chapter5_ml,/reinforcement,"Learning through trial and error  Q-learning, policy gradients, actor-critic  Game playing, robotics, resource allocation","Learning through trial and error with reward feedback  Q-learning, policy gradients, actor-critic  Game playing, robotics, resource allocation, autonomous systems","approved,rejected,pending"
chapter5_ml,MODIFY,chapter5_ml,/description,Learning through trial and error,Learning through trial and error with reward feedback,"approved,rejected,pending"
chapter5_ml,MODIFY,chapter5_ml,/use_cases,"Game playing, robotics, resource allocation","Game playing, robotics, resource allocation, autonomous systems","approved,rejected,pending"
chapter5_ml,MODIFY,chapter5_ml,/unsupervised,"Finding patterns in unlabeled data  Clustering, dimensionality reduction, association rules  Customer segmentation, anomaly detection","Finding patterns in unlabeled data  Clustering, dimensionality reduction, association rules  Customer segmentation, anomaly detection, market basket analysis","approved,rejected,pending"
chapter5_ml,MODIFY,chapter5_ml,/text,"The success of machine learning projects depends heavily on feature engineering, model selection, and proper evaluation metrics. Cross-validation and holdout sets are essential for avoiding overfitting.","The success of machine learning projects depends heavily on feature engineering, model selection, hyperparameter tuning, and proper evaluation metrics. Cross-validation and holdout sets are essential for avoiding overfitting.","approved,rejected,pending"
chapter5_ml,MODIFY,chapter5_ml,/algorithm_types,"Learning with labeled training data  Linear regression, decision trees, neural networks  Classification, prediction, forecasting  Finding patterns in unlabeled data  Clustering, dimensionality reduction, association rules  Customer segmentation, anomaly detection  Learning through trial and error  Q-learning, policy gradients, actor-critic  Game playing, robotics, resource allocation","Learning with labeled training data  Linear regression, decision trees, neural networks, ensemble methods  Classification, prediction, forecasting, recommendation systems  Finding patterns in unlabeled data  Clustering, dimensionality reduction, association rules  Customer segmentation, anomaly detection, market basket analysis  Learning through trial and error with reward feedback  Q-learning, policy gradients, actor-critic  Game playing, robotics, resource allocation, autonomous systems","approved,rejected,pending"
chapter4_visualization,MODIFY,chapter4_visualization,/,"Data Visualization and Reporting  Design Team  1.0  59-78  Effective data visualization transforms complex datasets into understandable and actionable insights. The right visual representation can reveal patterns that might otherwise remain hidden in raw data.  Used for comparing categories or showing changes over time  Keep bars proportional and start y-axis at zero  Shows relationships between two continuous variables  Include trend lines when appropriate  Displays data density or correlation matrices  Use intuitive color scales  When creating visualizations, always consider your audience and the story you want to tell. Avoid chartjunk and unnecessary decorative elements that can distract from the core message.  Arial  12  1.5","Data Visualization and Interactive Reporting  Design Team  1.1  59-78  Effective data visualization transforms complex datasets into understandable and actionable insights. The right visual representation can reveal patterns that might otherwise remain hidden in raw data.  Used for comparing categories or showing changes over time  Keep bars proportional and start y-axis at zero when appropriate  Shows relationships between two continuous variables  Include trend lines and confidence intervals when appropriate  Displays data density or correlation matrices  Use intuitive color scales with proper legends  Interactive multi-panel displays for comprehensive analysis  Maintain consistent styling and logical layout  When creating visualizations, always consider your audience and the story you want to tell. Avoid chartjunk and unnecessary decorative elements that can distract from the core message.  Arial  12  1.5","approved,rejected,pending"
chapter4_visualization,MODIFY,chapter4_visualization,/example[@type='bar_chart'],Used for comparing categories or showing changes over time  Keep bars proportional and start y-axis at zero,Used for comparing categories or showing changes over time  Keep bars proportional and start y-axis at zero when appropriate,"approved,rejected,pending"
chapter4_visualization,MODIFY,chapter4_visualization,/content,"Effective data visualization transforms complex datasets into understandable and actionable insights. The right visual representation can reveal patterns that might otherwise remain hidden in raw data.  Used for comparing categories or showing changes over time  Keep bars proportional and start y-axis at zero  Shows relationships between two continuous variables  Include trend lines when appropriate  Displays data density or correlation matrices  Use intuitive color scales  When creating visualizations, always consider your audience and the story you want to tell. Avoid chartjunk and unnecessary decorative elements that can distract from the core message.","Effective data visualization transforms complex datasets into understandable and actionable insights. The right visual representation can reveal patterns that might otherwise remain hidden in raw data.  Used for comparing categories or showing changes over time  Keep bars proportional and start y-axis at zero when appropriate  Shows relationships between two continuous variables  Include trend lines and confidence intervals when appropriate  Displays data density or correlation matrices  Use intuitive color scales with proper legends  Interactive multi-panel displays for comprehensive analysis  Maintain consistent styling and logical layout  When creating visualizations, always consider your audience and the story you want to tell. Avoid chartjunk and unnecessary decorative elements that can distract from the core message.","approved,rejected,pending"
chapter4_visualization,MODIFY,chapter4_visualization,/chart_examples,Used for comparing categories or showing changes over time  Keep bars proportional and start y-axis at zero  Shows relationships between two continuous variables  Include trend lines when appropriate  Displays data density or correlation matrices  Use intuitive color scales,Used for comparing categories or showing changes over time  Keep bars proportional and start y-axis at zero when appropriate  Shows relationships between two continuous variables  Include trend lines and confidence intervals when appropriate  Displays data density or correlation matrices  Use intuitive color scales with proper legends  Interactive multi-panel displays for comprehensive analysis  Maintain consistent styling and logical layout,"approved,rejected,pending"
chapter4_visualization,MODIFY,chapter4_visualization,/metadata,Data Visualization and Reporting  Design Team  1.0  59-78,Data Visualization and Interactive Reporting  Design Team  1.1  59-78,"approved,rejected,pending"
chapter4_visualization,MODIFY,chapter4_visualization,/best_practice,Use intuitive color scales,Maintain consistent styling and logical layout,"approved,rejected,pending"
chapter4_visualization,MODIFY,chapter4_visualization,/version,1.0,1.1,"approved,rejected,pending"
chapter4_visualization,MODIFY,chapter4_visualization,/example[@type='scatter_plot'],Shows relationships between two continuous variables  Include trend lines when appropriate,Shows relationships between two continuous variables  Include trend lines and confidence intervals when appropriate,"approved,rejected,pending"
chapter4_visualization,MODIFY,chapter4_visualization,/example[@type='heatmap'],Displays data density or correlation matrices  Use intuitive color scales,Displays data density or correlation matrices  Use intuitive color scales with proper legends,"approved,rejected,pending"
chapter4_visualization,MODIFY,chapter4_visualization,/,"Data Visualization and Reporting  Design Team  1.0  59-78  Effective data visualization transforms complex datasets into understandable and actionable insights. The right visual representation can reveal patterns that might otherwise remain hidden in raw data.  Used for comparing categories or showing changes over time  Keep bars proportional and start y-axis at zero  Shows relationships between two continuous variables  Include trend lines when appropriate  Displays data density or correlation matrices  Use intuitive color scales  When creating visualizations, always consider your audience and the story you want to tell. Avoid chartjunk and unnecessary decorative elements that can distract from the core message.  Arial  12  1.5","Data Visualization and Interactive Reporting  Design Team  1.1  59-78  Effective data visualization transforms complex datasets into understandable and actionable insights. The right visual representation can reveal patterns that might otherwise remain hidden in raw data.  Used for comparing categories or showing changes over time  Keep bars proportional and start y-axis at zero when appropriate  Shows relationships between two continuous variables  Include trend lines and confidence intervals when appropriate  Displays data density or correlation matrices  Use intuitive color scales with proper legends  Interactive multi-panel displays for comprehensive analysis  Maintain consistent styling and logical layout  When creating visualizations, always consider your audience and the story you want to tell. Avoid chartjunk and unnecessary decorative elements that can distract from the core message.  Arial  12  1.5","approved,rejected,pending"
chapter4_visualization,MODIFY,chapter4_visualization,/description,Displays data density or correlation matrices,Interactive multi-panel displays for comprehensive analysis,"approved,rejected,pending"
chapter4_visualization,ADD,chapter4_visualization,/example[@type='dashboard'],,"<example type=""dashboard"">
        <description>Interactive multi-panel displays for comprehensive analysis</description>
        <best_practice>Maintain consistent styling and logical layout</best_practice>
      </example>","approved,rejected,pending"
chapter4_visualization,MODIFY,chapter4_visualization,/title,Data Visualization and Reporting,Data Visualization and Interactive Reporting,"approved,rejected,pending"
appendix_b_datasets,MODIFY,appendix_b_datasets,/,"Sample Datasets and Resources  Data Team  1.0  116-125  Practice datasets are essential for learning and testing data science techniques. This section lists publicly available datasets suitable for various types of analysis.  Yahoo Finance, Alpha Vantage  Historical stock prices and trading volumes  Time series analysis, financial modeling  Kaggle, UCI ML Repository  Transaction records and customer information  Customer segmentation, sales forecasting  US Census Bureau, Statistics Canada  Demographic and socioeconomic information  Population analysis, market research  Always respect data licensing agreements and privacy regulations when using public datasets in your projects.  Arial  12  1.5","Sample Datasets and Resources  Data Team  1.1  116-125  Practice datasets are essential for learning and testing data science techniques. This section lists publicly available datasets suitable for various types of analysis and experimentation.  Yahoo Finance, Alpha Vantage, Quandl  Historical stock prices, trading volumes, and market indicators  Time series analysis, financial modeling, portfolio optimization  Kaggle, UCI ML Repository  Transaction records and customer information  Customer segmentation, sales forecasting, churn prediction  US Census Bureau, Statistics Canada, Eurostat  Demographic and socioeconomic information  Population analysis, market research, policy development  World Values Survey, Pew Research  Public opinion and social attitudes data  Social science research, trend analysis  Always respect data licensing agreements and privacy regulations when using public datasets in your projects. Consider data ethics and bias implications.  Arial  12  1.5","approved,rejected,pending"
appendix_b_datasets,MODIFY,appendix_b_datasets,/content,"Practice datasets are essential for learning and testing data science techniques. This section lists publicly available datasets suitable for various types of analysis.  Yahoo Finance, Alpha Vantage  Historical stock prices and trading volumes  Time series analysis, financial modeling  Kaggle, UCI ML Repository  Transaction records and customer information  Customer segmentation, sales forecasting  US Census Bureau, Statistics Canada  Demographic and socioeconomic information  Population analysis, market research  Always respect data licensing agreements and privacy regulations when using public datasets in your projects.","Practice datasets are essential for learning and testing data science techniques. This section lists publicly available datasets suitable for various types of analysis and experimentation.  Yahoo Finance, Alpha Vantage, Quandl  Historical stock prices, trading volumes, and market indicators  Time series analysis, financial modeling, portfolio optimization  Kaggle, UCI ML Repository  Transaction records and customer information  Customer segmentation, sales forecasting, churn prediction  US Census Bureau, Statistics Canada, Eurostat  Demographic and socioeconomic information  Population analysis, market research, policy development  World Values Survey, Pew Research  Public opinion and social attitudes data  Social science research, trend analysis  Always respect data licensing agreements and privacy regulations when using public datasets in your projects. Consider data ethics and bias implications.","approved,rejected,pending"
appendix_b_datasets,MODIFY,appendix_b_datasets,/category[@name='Business and Finance'],"Yahoo Finance, Alpha Vantage  Historical stock prices and trading volumes  Time series analysis, financial modeling  Kaggle, UCI ML Repository  Transaction records and customer information  Customer segmentation, sales forecasting","Yahoo Finance, Alpha Vantage, Quandl  Historical stock prices, trading volumes, and market indicators  Time series analysis, financial modeling, portfolio optimization  Kaggle, UCI ML Repository  Transaction records and customer information  Customer segmentation, sales forecasting, churn prediction","approved,rejected,pending"
appendix_b_datasets,MODIFY,appendix_b_datasets,/metadata,Sample Datasets and Resources  Data Team  1.0  116-125,Sample Datasets and Resources  Data Team  1.1  116-125,"approved,rejected,pending"
appendix_b_datasets,MODIFY,appendix_b_datasets,/version,1.0,1.1,"approved,rejected,pending"
appendix_b_datasets,MODIFY,appendix_b_datasets,/paragraph[@id='p1'],Practice datasets are essential for learning and testing data science techniques. This section lists publicly available datasets suitable for various types of analysis.,Practice datasets are essential for learning and testing data science techniques. This section lists publicly available datasets suitable for various types of analysis and experimentation.,"approved,rejected,pending"
appendix_b_datasets,MODIFY,appendix_b_datasets,/use_case,"Population analysis, market research","Social science research, trend analysis","approved,rejected,pending"
appendix_b_datasets,MODIFY,appendix_b_datasets,/category[@name='Social and Behavioral'],"US Census Bureau, Statistics Canada  Demographic and socioeconomic information  Population analysis, market research","US Census Bureau, Statistics Canada, Eurostat  Demographic and socioeconomic information  Population analysis, market research, policy development  World Values Survey, Pew Research  Public opinion and social attitudes data  Social science research, trend analysis","approved,rejected,pending"
appendix_b_datasets,MODIFY,appendix_b_datasets,/dataset[@name='Census Data'],"US Census Bureau, Statistics Canada  Demographic and socioeconomic information  Population analysis, market research","US Census Bureau, Statistics Canada, Eurostat  Demographic and socioeconomic information  Population analysis, market research, policy development","approved,rejected,pending"
appendix_b_datasets,MODIFY,appendix_b_datasets,/,"Sample Datasets and Resources  Data Team  1.0  116-125  Practice datasets are essential for learning and testing data science techniques. This section lists publicly available datasets suitable for various types of analysis.  Yahoo Finance, Alpha Vantage  Historical stock prices and trading volumes  Time series analysis, financial modeling  Kaggle, UCI ML Repository  Transaction records and customer information  Customer segmentation, sales forecasting  US Census Bureau, Statistics Canada  Demographic and socioeconomic information  Population analysis, market research  Always respect data licensing agreements and privacy regulations when using public datasets in your projects.  Arial  12  1.5","Sample Datasets and Resources  Data Team  1.1  116-125  Practice datasets are essential for learning and testing data science techniques. This section lists publicly available datasets suitable for various types of analysis and experimentation.  Yahoo Finance, Alpha Vantage, Quandl  Historical stock prices, trading volumes, and market indicators  Time series analysis, financial modeling, portfolio optimization  Kaggle, UCI ML Repository  Transaction records and customer information  Customer segmentation, sales forecasting, churn prediction  US Census Bureau, Statistics Canada, Eurostat  Demographic and socioeconomic information  Population analysis, market research, policy development  World Values Survey, Pew Research  Public opinion and social attitudes data  Social science research, trend analysis  Always respect data licensing agreements and privacy regulations when using public datasets in your projects. Consider data ethics and bias implications.  Arial  12  1.5","approved,rejected,pending"
appendix_b_datasets,MODIFY,appendix_b_datasets,/source,"US Census Bureau, Statistics Canada","World Values Survey, Pew Research","approved,rejected,pending"
appendix_b_datasets,ADD,appendix_b_datasets,/dataset[@name='Survey Data'],,"<dataset name=""Survey Data"">
          <source>World Values Survey, Pew Research</source>
          <description>Public opinion and social attitudes data</description>
          <use_case>Social science research, trend analysis</use_case>
        </dataset>","approved,rejected,pending"
appendix_b_datasets,MODIFY,appendix_b_datasets,/dataset_categories,"Yahoo Finance, Alpha Vantage  Historical stock prices and trading volumes  Time series analysis, financial modeling  Kaggle, UCI ML Repository  Transaction records and customer information  Customer segmentation, sales forecasting  US Census Bureau, Statistics Canada  Demographic and socioeconomic information  Population analysis, market research","Yahoo Finance, Alpha Vantage, Quandl  Historical stock prices, trading volumes, and market indicators  Time series analysis, financial modeling, portfolio optimization  Kaggle, UCI ML Repository  Transaction records and customer information  Customer segmentation, sales forecasting, churn prediction  US Census Bureau, Statistics Canada, Eurostat  Demographic and socioeconomic information  Population analysis, market research, policy development  World Values Survey, Pew Research  Public opinion and social attitudes data  Social science research, trend analysis","approved,rejected,pending"
appendix_b_datasets,MODIFY,appendix_b_datasets,/paragraph[@id='p2'],Always respect data licensing agreements and privacy regulations when using public datasets in your projects.,Always respect data licensing agreements and privacy regulations when using public datasets in your projects. Consider data ethics and bias implications.,"approved,rejected,pending"
appendix_b_datasets,MODIFY,appendix_b_datasets,/description,Demographic and socioeconomic information,Public opinion and social attitudes data,"approved,rejected,pending"
appendix_b_datasets,MODIFY,appendix_b_datasets,/dataset[@name='Sales Data'],"Kaggle, UCI ML Repository  Transaction records and customer information  Customer segmentation, sales forecasting","Kaggle, UCI ML Repository  Transaction records and customer information  Customer segmentation, sales forecasting, churn prediction","approved,rejected,pending"
appendix_b_datasets,MODIFY,appendix_b_datasets,/dataset[@name='Stock Market Data'],"Yahoo Finance, Alpha Vantage  Historical stock prices and trading volumes  Time series analysis, financial modeling","Yahoo Finance, Alpha Vantage, Quandl  Historical stock prices, trading volumes, and market indicators  Time series analysis, financial modeling, portfolio optimization","approved,rejected,pending"
appendix_b_datasets,MODIFY,appendix_b_datasets,/text,Always respect data licensing agreements and privacy regulations when using public datasets in your projects.,Always respect data licensing agreements and privacy regulations when using public datasets in your projects. Consider data ethics and bias implications.,"approved,rejected,pending"
bibliography,MODIFY,bibliography,/,"Bibliography and References  Research Team  1.0  141-150  This bibliography lists all sources referenced throughout the document, organized by category and following standard academic citation formats.  James, G., Witten, D., Hastie, T., Tibshirani, R.  An Introduction to Statistical Learning  Springer  2021  978-1-0716-1417-4  McKinney, W.  Python for Data Analysis  O'Reilly Media  2022  978-1-4919-5766-0  Chen, T., Guestrin, C.  XGBoost: A Scalable Tree Boosting System  Proceedings of the 22nd ACM SIGKDD International Conference  2016  785-794  Scikit-learn: Machine Learning in Python  https://scikit-learn.org/  2024-01-15  Arial  12  1.5","Bibliography and References  Research Team  1.1  141-150  This bibliography lists all sources referenced throughout the document, organized by category and following standard academic citation formats.  James, G., Witten, D., Hastie, T., Tibshirani, R.  An Introduction to Statistical Learning with Applications in Python  Springer  2023  978-1-0716-1417-4  McKinney, W.  Python for Data Analysis: Data Wrangling with pandas and NumPy  O'Reilly Media  2022  978-1-4919-5766-0  Gron, A.  Hands-On Machine Learning with Scikit-Learn and TensorFlow  O'Reilly Media  2022  978-1-492-03264-9  Chen, T., Guestrin, C.  XGBoost: A Scalable Tree Boosting System  Proceedings of the 22nd ACM SIGKDD International Conference  2016  785-794  Scikit-learn: Machine Learning in Python  https://scikit-learn.org/  2024-01-15  Arial  12  1.5","approved,rejected,pending"
bibliography,MODIFY,bibliography,/reference[@id='ref1'],"James, G., Witten, D., Hastie, T., Tibshirani, R.  An Introduction to Statistical Learning  Springer  2021  978-1-0716-1417-4","James, G., Witten, D., Hastie, T., Tibshirani, R.  An Introduction to Statistical Learning with Applications in Python  Springer  2023  978-1-0716-1417-4","approved,rejected,pending"
bibliography,MODIFY,bibliography,/content,"This bibliography lists all sources referenced throughout the document, organized by category and following standard academic citation formats.  James, G., Witten, D., Hastie, T., Tibshirani, R.  An Introduction to Statistical Learning  Springer  2021  978-1-0716-1417-4  McKinney, W.  Python for Data Analysis  O'Reilly Media  2022  978-1-4919-5766-0  Chen, T., Guestrin, C.  XGBoost: A Scalable Tree Boosting System  Proceedings of the 22nd ACM SIGKDD International Conference  2016  785-794  Scikit-learn: Machine Learning in Python  https://scikit-learn.org/  2024-01-15","This bibliography lists all sources referenced throughout the document, organized by category and following standard academic citation formats.  James, G., Witten, D., Hastie, T., Tibshirani, R.  An Introduction to Statistical Learning with Applications in Python  Springer  2023  978-1-0716-1417-4  McKinney, W.  Python for Data Analysis: Data Wrangling with pandas and NumPy  O'Reilly Media  2022  978-1-4919-5766-0  Gron, A.  Hands-On Machine Learning with Scikit-Learn and TensorFlow  O'Reilly Media  2022  978-1-492-03264-9  Chen, T., Guestrin, C.  XGBoost: A Scalable Tree Boosting System  Proceedings of the 22nd ACM SIGKDD International Conference  2016  785-794  Scikit-learn: Machine Learning in Python  https://scikit-learn.org/  2024-01-15","approved,rejected,pending"
bibliography,MODIFY,bibliography,/metadata,Bibliography and References  Research Team  1.0  141-150,Bibliography and References  Research Team  1.1  141-150,"approved,rejected,pending"
bibliography,MODIFY,bibliography,/reference[@id='ref2'],"McKinney, W.  Python for Data Analysis  O'Reilly Media  2022  978-1-4919-5766-0","McKinney, W.  Python for Data Analysis: Data Wrangling with pandas and NumPy  O'Reilly Media  2022  978-1-4919-5766-0","approved,rejected,pending"
bibliography,MODIFY,bibliography,/version,1.0,1.1,"approved,rejected,pending"
bibliography,MODIFY,bibliography,/reference_categories,"James, G., Witten, D., Hastie, T., Tibshirani, R.  An Introduction to Statistical Learning  Springer  2021  978-1-0716-1417-4  McKinney, W.  Python for Data Analysis  O'Reilly Media  2022  978-1-4919-5766-0  Chen, T., Guestrin, C.  XGBoost: A Scalable Tree Boosting System  Proceedings of the 22nd ACM SIGKDD International Conference  2016  785-794  Scikit-learn: Machine Learning in Python  https://scikit-learn.org/  2024-01-15","James, G., Witten, D., Hastie, T., Tibshirani, R.  An Introduction to Statistical Learning with Applications in Python  Springer  2023  978-1-0716-1417-4  McKinney, W.  Python for Data Analysis: Data Wrangling with pandas and NumPy  O'Reilly Media  2022  978-1-4919-5766-0  Gron, A.  Hands-On Machine Learning with Scikit-Learn and TensorFlow  O'Reilly Media  2022  978-1-492-03264-9  Chen, T., Guestrin, C.  XGBoost: A Scalable Tree Boosting System  Proceedings of the 22nd ACM SIGKDD International Conference  2016  785-794  Scikit-learn: Machine Learning in Python  https://scikit-learn.org/  2024-01-15","approved,rejected,pending"
bibliography,MODIFY,bibliography,/,"Bibliography and References  Research Team  1.0  141-150  This bibliography lists all sources referenced throughout the document, organized by category and following standard academic citation formats.  James, G., Witten, D., Hastie, T., Tibshirani, R.  An Introduction to Statistical Learning  Springer  2021  978-1-0716-1417-4  McKinney, W.  Python for Data Analysis  O'Reilly Media  2022  978-1-4919-5766-0  Chen, T., Guestrin, C.  XGBoost: A Scalable Tree Boosting System  Proceedings of the 22nd ACM SIGKDD International Conference  2016  785-794  Scikit-learn: Machine Learning in Python  https://scikit-learn.org/  2024-01-15  Arial  12  1.5","Bibliography and References  Research Team  1.1  141-150  This bibliography lists all sources referenced throughout the document, organized by category and following standard academic citation formats.  James, G., Witten, D., Hastie, T., Tibshirani, R.  An Introduction to Statistical Learning with Applications in Python  Springer  2023  978-1-0716-1417-4  McKinney, W.  Python for Data Analysis: Data Wrangling with pandas and NumPy  O'Reilly Media  2022  978-1-4919-5766-0  Gron, A.  Hands-On Machine Learning with Scikit-Learn and TensorFlow  O'Reilly Media  2022  978-1-492-03264-9  Chen, T., Guestrin, C.  XGBoost: A Scalable Tree Boosting System  Proceedings of the 22nd ACM SIGKDD International Conference  2016  785-794  Scikit-learn: Machine Learning in Python  https://scikit-learn.org/  2024-01-15  Arial  12  1.5","approved,rejected,pending"
bibliography,MODIFY,bibliography,/category[@name='Books'],"James, G., Witten, D., Hastie, T., Tibshirani, R.  An Introduction to Statistical Learning  Springer  2021  978-1-0716-1417-4  McKinney, W.  Python for Data Analysis  O'Reilly Media  2022  978-1-4919-5766-0","James, G., Witten, D., Hastie, T., Tibshirani, R.  An Introduction to Statistical Learning with Applications in Python  Springer  2023  978-1-0716-1417-4  McKinney, W.  Python for Data Analysis: Data Wrangling with pandas and NumPy  O'Reilly Media  2022  978-1-4919-5766-0  Gron, A.  Hands-On Machine Learning with Scikit-Learn and TensorFlow  O'Reilly Media  2022  978-1-492-03264-9","approved,rejected,pending"
bibliography,ADD,bibliography,/reference[@id='ref5'],,"<reference id=""ref5"">
          <authors>Gron, A.</authors>
          <title>Hands-On Machine Learning with Scikit-Learn and TensorFlow</title>
          <publisher>O'Reilly Media</publisher>
          <year>2022</year>
          <isbn>978-1-492-03264-9</isbn>
        </reference>","approved,rejected,pending"
bibliography,MODIFY,bibliography,/isbn,978-1-4919-5766-0,978-1-492-03264-9,"approved,rejected,pending"
chapter3_analysis,MODIFY,chapter3_analysis,/,"Statistical Analysis Techniques  Analytics Team  1.0  36-58  Statistical analysis provides the mathematical foundation for extracting meaningful insights from data. This section covers both descriptive and inferential statistics commonly used in business analytics.  Descriptive statistics summarize and describe the main features of a dataset. Key measures include central tendency (mean, median, mode) and variability (standard deviation, variance, range).   = x/n  Population mean calculation  Inferential statistics allow us to make predictions and generalizations about populations based on sample data. Common techniques include hypothesis testing, confidence intervals, and regression analysis.  Always check assumptions before applying statistical tests. Violations can lead to invalid conclusions.  Arial  12  1.5","Statistical Analysis Techniques  Analytics Team  1.1  36-58  Statistical analysis provides the mathematical foundation for extracting meaningful insights from data. This section covers both descriptive and inferential statistics commonly used in modern business analytics.  Descriptive statistics summarize and describe the main features of a dataset. Key measures include central tendency (mean, median, mode) and variability (standard deviation, variance, range, interquartile range).   = x/n  Population mean calculation  Inferential statistics allow us to make predictions and generalizations about populations based on sample data. Common techniques include hypothesis testing, confidence intervals, and regression analysis.  Always verify statistical assumptions before applying tests. Violations can lead to invalid conclusions and flawed decision-making.  Arial  12  1.5","approved,rejected,pending"
chapter3_analysis,MODIFY,chapter3_analysis,/content,"Statistical analysis provides the mathematical foundation for extracting meaningful insights from data. This section covers both descriptive and inferential statistics commonly used in business analytics.  Descriptive statistics summarize and describe the main features of a dataset. Key measures include central tendency (mean, median, mode) and variability (standard deviation, variance, range).   = x/n  Population mean calculation  Inferential statistics allow us to make predictions and generalizations about populations based on sample data. Common techniques include hypothesis testing, confidence intervals, and regression analysis.  Always check assumptions before applying statistical tests. Violations can lead to invalid conclusions.","Statistical analysis provides the mathematical foundation for extracting meaningful insights from data. This section covers both descriptive and inferential statistics commonly used in modern business analytics.  Descriptive statistics summarize and describe the main features of a dataset. Key measures include central tendency (mean, median, mode) and variability (standard deviation, variance, range, interquartile range).   = x/n  Population mean calculation  Inferential statistics allow us to make predictions and generalizations about populations based on sample data. Common techniques include hypothesis testing, confidence intervals, and regression analysis.  Always verify statistical assumptions before applying tests. Violations can lead to invalid conclusions and flawed decision-making.","approved,rejected,pending"
chapter3_analysis,MODIFY,chapter3_analysis,/metadata,Statistical Analysis Techniques  Analytics Team  1.0  36-58,Statistical Analysis Techniques  Analytics Team  1.1  36-58,"approved,rejected,pending"
chapter3_analysis,MODIFY,chapter3_analysis,/version,1.0,1.1,"approved,rejected,pending"
chapter3_analysis,MODIFY,chapter3_analysis,/paragraph[@id='p1'],Statistical analysis provides the mathematical foundation for extracting meaningful insights from data. This section covers both descriptive and inferential statistics commonly used in business analytics.,Statistical analysis provides the mathematical foundation for extracting meaningful insights from data. This section covers both descriptive and inferential statistics commonly used in modern business analytics.,"approved,rejected,pending"
chapter3_analysis,MODIFY,chapter3_analysis,/note[@type='important'],Always check assumptions before applying statistical tests. Violations can lead to invalid conclusions.,Always verify statistical assumptions before applying tests. Violations can lead to invalid conclusions and flawed decision-making.,"approved,rejected,pending"
chapter3_analysis,MODIFY,chapter3_analysis,/,"Statistical Analysis Techniques  Analytics Team  1.0  36-58  Statistical analysis provides the mathematical foundation for extracting meaningful insights from data. This section covers both descriptive and inferential statistics commonly used in business analytics.  Descriptive statistics summarize and describe the main features of a dataset. Key measures include central tendency (mean, median, mode) and variability (standard deviation, variance, range).   = x/n  Population mean calculation  Inferential statistics allow us to make predictions and generalizations about populations based on sample data. Common techniques include hypothesis testing, confidence intervals, and regression analysis.  Always check assumptions before applying statistical tests. Violations can lead to invalid conclusions.  Arial  12  1.5","Statistical Analysis Techniques  Analytics Team  1.1  36-58  Statistical analysis provides the mathematical foundation for extracting meaningful insights from data. This section covers both descriptive and inferential statistics commonly used in modern business analytics.  Descriptive statistics summarize and describe the main features of a dataset. Key measures include central tendency (mean, median, mode) and variability (standard deviation, variance, range, interquartile range).   = x/n  Population mean calculation  Inferential statistics allow us to make predictions and generalizations about populations based on sample data. Common techniques include hypothesis testing, confidence intervals, and regression analysis.  Always verify statistical assumptions before applying tests. Violations can lead to invalid conclusions and flawed decision-making.  Arial  12  1.5","approved,rejected,pending"
chapter3_analysis,MODIFY,chapter3_analysis,/paragraph[@id='p2'],"Descriptive statistics summarize and describe the main features of a dataset. Key measures include central tendency (mean, median, mode) and variability (standard deviation, variance, range).","Descriptive statistics summarize and describe the main features of a dataset. Key measures include central tendency (mean, median, mode) and variability (standard deviation, variance, range, interquartile range).","approved,rejected,pending"
chapter3_analysis,MODIFY,chapter3_analysis,/text,Always check assumptions before applying statistical tests. Violations can lead to invalid conclusions.,Always verify statistical assumptions before applying tests. Violations can lead to invalid conclusions and flawed decision-making.,"approved,rejected,pending"
appendix_a_tools,MODIFY,appendix_a_tools,/,"Software Tools and Platforms  Technology Team  1.0  106-115  This appendix provides a comprehensive overview of popular software tools and platforms used in data science and analytics workflows.  General-purpose language with extensive data science libraries  pandas, numpy, scikit-learn, matplotlib  Statistical computing language  ggplot2, dplyr, caret, shiny  Database query language  PostgreSQL, MySQL, SQLite, BigQuery  Business intelligence and data visualization platform  Microsoft business analytics solution  Arial  12  1.5","Software Tools and Platforms  Technology Team  1.1  106-115  This appendix provides a comprehensive overview of popular software tools and platforms used in data science and analytics workflows.  General-purpose language with extensive data science libraries  pandas, numpy, scikit-learn, matplotlib, seaborn, plotly  Statistical computing language  ggplot2, dplyr, caret, shiny, tidyverse  Database query language  PostgreSQL, MySQL, SQLite, BigQuery, Snowflake  High-performance numerical computing language  DataFrames.jl, MLJ.jl, Plots.jl  Business intelligence and data visualization platform  Microsoft business analytics solution  Cloud-based business intelligence platform  Arial  12  1.5","approved,rejected,pending"
appendix_a_tools,ADD,appendix_a_tools,/tool[@name='Julia'],,"<tool name=""Julia"">
          <description>High-performance numerical computing language</description>
          <libraries>DataFrames.jl, MLJ.jl, Plots.jl</libraries>
        </tool>","approved,rejected,pending"
appendix_a_tools,MODIFY,appendix_a_tools,/tool[@name='SQL'],"Database query language  PostgreSQL, MySQL, SQLite, BigQuery","Database query language  PostgreSQL, MySQL, SQLite, BigQuery, Snowflake","approved,rejected,pending"
appendix_a_tools,MODIFY,appendix_a_tools,/category[@name='Visualization Tools'],Business intelligence and data visualization platform  Microsoft business analytics solution,Business intelligence and data visualization platform  Microsoft business analytics solution  Cloud-based business intelligence platform,"approved,rejected,pending"
appendix_a_tools,MODIFY,appendix_a_tools,/content,"This appendix provides a comprehensive overview of popular software tools and platforms used in data science and analytics workflows.  General-purpose language with extensive data science libraries  pandas, numpy, scikit-learn, matplotlib  Statistical computing language  ggplot2, dplyr, caret, shiny  Database query language  PostgreSQL, MySQL, SQLite, BigQuery  Business intelligence and data visualization platform  Microsoft business analytics solution","This appendix provides a comprehensive overview of popular software tools and platforms used in data science and analytics workflows.  General-purpose language with extensive data science libraries  pandas, numpy, scikit-learn, matplotlib, seaborn, plotly  Statistical computing language  ggplot2, dplyr, caret, shiny, tidyverse  Database query language  PostgreSQL, MySQL, SQLite, BigQuery, Snowflake  High-performance numerical computing language  DataFrames.jl, MLJ.jl, Plots.jl  Business intelligence and data visualization platform  Microsoft business analytics solution  Cloud-based business intelligence platform","approved,rejected,pending"
appendix_a_tools,MODIFY,appendix_a_tools,/metadata,Software Tools and Platforms  Technology Team  1.0  106-115,Software Tools and Platforms  Technology Team  1.1  106-115,"approved,rejected,pending"
appendix_a_tools,MODIFY,appendix_a_tools,/tool[@name='Python'],"General-purpose language with extensive data science libraries  pandas, numpy, scikit-learn, matplotlib","General-purpose language with extensive data science libraries  pandas, numpy, scikit-learn, matplotlib, seaborn, plotly","approved,rejected,pending"
appendix_a_tools,MODIFY,appendix_a_tools,/version,1.0,1.1,"approved,rejected,pending"
appendix_a_tools,MODIFY,appendix_a_tools,/libraries,"ggplot2, dplyr, caret, shiny","DataFrames.jl, MLJ.jl, Plots.jl","approved,rejected,pending"
appendix_a_tools,MODIFY,appendix_a_tools,/,"Software Tools and Platforms  Technology Team  1.0  106-115  This appendix provides a comprehensive overview of popular software tools and platforms used in data science and analytics workflows.  General-purpose language with extensive data science libraries  pandas, numpy, scikit-learn, matplotlib  Statistical computing language  ggplot2, dplyr, caret, shiny  Database query language  PostgreSQL, MySQL, SQLite, BigQuery  Business intelligence and data visualization platform  Microsoft business analytics solution  Arial  12  1.5","Software Tools and Platforms  Technology Team  1.1  106-115  This appendix provides a comprehensive overview of popular software tools and platforms used in data science and analytics workflows.  General-purpose language with extensive data science libraries  pandas, numpy, scikit-learn, matplotlib, seaborn, plotly  Statistical computing language  ggplot2, dplyr, caret, shiny, tidyverse  Database query language  PostgreSQL, MySQL, SQLite, BigQuery, Snowflake  High-performance numerical computing language  DataFrames.jl, MLJ.jl, Plots.jl  Business intelligence and data visualization platform  Microsoft business analytics solution  Cloud-based business intelligence platform  Arial  12  1.5","approved,rejected,pending"
appendix_a_tools,MODIFY,appendix_a_tools,/tool[@name='R'],"Statistical computing language  ggplot2, dplyr, caret, shiny","Statistical computing language  ggplot2, dplyr, caret, shiny, tidyverse","approved,rejected,pending"
appendix_a_tools,ADD,appendix_a_tools,/tool[@name='Looker'],,"<tool name=""Looker"">
          <description>Cloud-based business intelligence platform</description>
        </tool>","approved,rejected,pending"
appendix_a_tools,MODIFY,appendix_a_tools,/tool_categories,"General-purpose language with extensive data science libraries  pandas, numpy, scikit-learn, matplotlib  Statistical computing language  ggplot2, dplyr, caret, shiny  Database query language  PostgreSQL, MySQL, SQLite, BigQuery  Business intelligence and data visualization platform  Microsoft business analytics solution","General-purpose language with extensive data science libraries  pandas, numpy, scikit-learn, matplotlib, seaborn, plotly  Statistical computing language  ggplot2, dplyr, caret, shiny, tidyverse  Database query language  PostgreSQL, MySQL, SQLite, BigQuery, Snowflake  High-performance numerical computing language  DataFrames.jl, MLJ.jl, Plots.jl  Business intelligence and data visualization platform  Microsoft business analytics solution  Cloud-based business intelligence platform","approved,rejected,pending"
appendix_a_tools,MODIFY,appendix_a_tools,/description,Microsoft business analytics solution,Cloud-based business intelligence platform,"approved,rejected,pending"
appendix_a_tools,MODIFY,appendix_a_tools,/category[@name='Programming Languages'],"General-purpose language with extensive data science libraries  pandas, numpy, scikit-learn, matplotlib  Statistical computing language  ggplot2, dplyr, caret, shiny  Database query language  PostgreSQL, MySQL, SQLite, BigQuery","General-purpose language with extensive data science libraries  pandas, numpy, scikit-learn, matplotlib, seaborn, plotly  Statistical computing language  ggplot2, dplyr, caret, shiny, tidyverse  Database query language  PostgreSQL, MySQL, SQLite, BigQuery, Snowflake  High-performance numerical computing language  DataFrames.jl, MLJ.jl, Plots.jl","approved,rejected,pending"
appendix_a_tools,MODIFY,appendix_a_tools,/variants,"PostgreSQL, MySQL, SQLite, BigQuery","PostgreSQL, MySQL, SQLite, BigQuery, Snowflake","approved,rejected,pending"
chapter6_ethics,ADD,chapter6_ethics,/document,,"<document section=""chapter6"" type=""ethics"">
  <metadata>
    <title>Data Ethics and Responsible AI</title>
    <author>Ethics Committee</author>
    <version>1.0</version>
    <page_range>106-125</page_range>
  </metadata>
  <content>
    <paragraph id=""p1"">
      <text>As artificial intelligence and machine learning become increasingly integrated into business operations, organizations must consider the ethical implications of their data practices and algorithmic decisions.</text>
    </paragraph>
    <ethical_principles>
      <principle name=""Fairness and Bias Mitigation"">
        <description>Ensuring algorithms do not discriminate against protected groups</description>
        <implementation>Regular bias audits, diverse training data, fairness metrics</implementation>
      </principle>
      <principle name=""Transparency and Explainability"">
        <description>Making AI decisions understandable to stakeholders</description>
        <implementation>Explainable AI techniques, decision documentation, clear communication</implementation>
      </principle>
      <principle name=""Privacy Protection"">
        <description>Safeguarding individual privacy and personal data</description>
        <implementation>Data minimization, anonymization, consent management</implementation>
      </principle>
      <principle name=""Accountability and Governance"">
        <description>Establishing clear responsibility for AI system outcomes</description>
        <implementation>Governance frameworks, audit trails, human oversight</implementation>
      </principle>
    </ethical_principles>
    <paragraph id=""p2"">
      <text>Organizations should establish AI ethics committees, develop clear policies, and regularly assess their systems for potential ethical risks. The goal is to harness the power of AI while maintaining trust and social responsibility.</text>
    </paragraph>
    <regulatory_landscape>
      <region name=""European Union"">
        <regulation>AI Act - Comprehensive regulation for AI systems</regulation>
        <key_requirements>Risk assessment, transparency, human oversight</key_requirements>
      </region>
      <region name=""United States"">
        <regulation>Executive Order on AI - Federal guidance on AI development</regulation>
        <key_requirements>Safety testing, bias evaluation, privacy protection</key_requirements>
      </region>
    </regulatory_landscape>
    <best_practices>
      <practice>Conduct algorithmic impact assessments</practice>
      <practice>Implement diverse and inclusive development teams</practice>
      <practice>Establish clear data governance policies</practice>
      <practice>Provide regular ethics training for technical staff</practice>
      <practice>Create channels for reporting ethical concerns</practice>
    </best_practices>
  </content>
  <formatting>
    <font_family>Arial</font_family>
    <font_size>12</font_size>
    <line_spacing>1.5</line_spacing>
  </formatting>
</document>","approved,rejected,pending"
